subject,dose_mg,observed,predicted,residual
S001,25,84.71,77.82,6.89
S002,50,137.56,137.50,0.06
S003,100,263.09,256.86,6.23
S004,10,15.45,42.01,-26.56
S005,25,68.49,77.82,-9.33
S006,50,119.68,137.50,-17.82
S007,100,254.14,256.86,-2.72
S008,10,49.96,42.01,7.95
S009,25,65.32,77.82,-12.50
S010,50,153.07,137.50,15.57
S011,100,299.54,256.86,42.68
S012,10,52.02,42.01,10.01
S013,25,68.18,77.82,-9.64
S014,50,122.73,137.50,-14.77
S015,100,249.73,256.86,-7.13
S016,10,43.27,42.01,1.26
S017,25,76.43,77.82,-1.39
S018,50,145.30,137.50,7.80
S019,100,243.04,256.86,-13.82
S020,10,27.80,42.01,-14.21
S021,25,84.12,77.82,6.30
S022,50,146.14,137.50,8.64
S023,100,273.44,256.86,16.58
S024,10,55.75,42.01,13.74
S025,25,69.67,77.82,-8.15
S026,50,125.38,137.50,-12.12
S027,100,261.51,256.86,4.65
S028,10,40.49,42.01,-1.52
S029,25,93.15,77.82,15.33
S030,50,153.25,137.50,15.75
S031,100,251.94,256.86,-4.92
S032,10,50.66,42.01,8.65
S033,25,66.58,77.82,-11.24
S034,50,134.93,137.50,-2.57
S035,100,266.36,256.86,9.50
S036,10,42.20,42.01,0.19
S038,50,125.81,137.50,-11.69
S039,100,251.05,256.86,-5.81
S040,10,50.76,42.01,8.75
S042,50,151.35,137.50,13.85
S043,100,263.74,256.86,6.88
S044,10,54.71,42.01,12.70
S045,25,86.92,77.82,9.10
S046,50,117.39,137.50,-20.11
S047,100,259.92,256.86,3.06
S048,10,34.82,42.01,-7.19
S049,25,60.81,77.82,-17.01
S050,50,120.65,137.50,-16.85
S051,100,242.19,256.86,-14.67
S052,10,54.49,42.01,12.48
S054,50,134.92,137.50,-2.58
S055,100,259.36,256.86,2.50
S056,10,51.14,42.01,9.13
S057,25,77.63,77.82,-0.19
S058,50,141.80,137.50,4.30
S059,100,242.80,256.86,-14.06
S060,10,38.20,42.01,-3.81
S061,25,63.44,77.82,-14.38
S062,50,148.46,137.50,10.96
S063,100,255.64,256.86,-1.22
S064,10,24.56,42.01,-17.45
S065,25,79.53,77.82,1.71
S066,50,130.64,137.50,-6.86
S067,100,248.21,256.86,-8.65
S068,10,27.50,42.01,-14.51
S069,25,79.27,77.82,1.45
S070,50,150.91,137.50,13.41
S071,100,259.96,256.86,3.10
S072,10,40.97,42.01,-1.04
S073,25,83.42,77.82,5.60
S075,100,269.80,256.86,12.94
S076,10,46.20,42.01,4.19
S077,25,83.15,77.82,5.33
S078,50,155.79,137.50,18.29
S079,100,250.69,256.86,-6.17
S080,10,42.08,42.01,0.07
S081,25,76.10,77.82,-1.72
S083,100,251.61,256.86,-5.25
S084,10,53.96,42.01,11.95
S085,25,75.53,77.82,-2.29
S086,50,127.42,137.50,-10.08
S087,100,243.44,256.86,-13.42
S088,10,22.13,42.01,-19.88
S089,25,90.76,77.82,12.94
S090,50,125.11,137.50,-12.39
S091,100,249.18,256.86,-7.68
S092,10,44.15,42.01,2.14
S093,25,69.68,77.82,-8.14
S094,50,145.96,137.50,8.46
S095,100,259.65,256.86,2.79
S096,10,50.18,42.01,8.17
S097,25,83.12,77.82,5.30
S098,50,138.48,137.50,0.98
S099,100,258.90,256.86,2.04
S100,10,28.90,42.01,-13.11
S101,25,85.25,77.82,7.43
S102,50,156.97,137.50,19.47
S103,100,258.43,256.86,1.57
S104,10,32.73,42.01,-9.28
S105,25,86.84,77.82,9.02
S107,100,261.05,256.86,4.19
S108,10,57.74,42.01,15.73
S109,25,78.64,77.82,0.82
S110,50,126.67,137.50,-10.83
S112,10,57.70,42.01,15.69
S113,25,85.60,77.82,7.78
S114,50,132.23,137.50,-5.27
S115,100,258.98,256.86,2.12
S116,10,47.10,42.01,5.09
S117,25,76.18,77.82,-1.64
S118,50,139.96,137.50,2.46
S119,100,243.91,256.86,-12.95
S120,10,27.26,42.01,-14.75
